{
	"establecimientos":[
		{
			"nombre":"Crsutáceo Cascarudo"
			,"ubicacion":"Fondo de Bikini"
			,"permiso":"BB-01-05-1999"
			,"aforo":30
			,"colaboradores":["Don Cangrejo","Bob esponja","Calamardo Tentáculos"]
		},
		{
			"nombre":"Qué buena tarde"
			,"ubicacion":"Chepe"
			,"permiso":"BT-23-15-4598"
			,"aforo":20
			,"colaboradores":["Brayan Jose Ganoza Arce","Victor Carvajal","Patricio Estrella","Marselo Sanchez Uribe"]
		},
		{
			"nombre":"TEC"
			,"ubicacion":"Cartago"
			,"permiso":"TC-21-58-9292"
			,"aforo":40
			,"colaboradores":["Sufrostico Sanabria Montero","Andrey Murillo Soto","Arenita Mejillas","Lucía Corrales Rojas"]
		},
		{
			"nombre":"McDonalds"
			,"ubicacion":"La Tropi"
			,"permiso":"MC-77-55-2395"
			,"aforo":45
			,"colaboradores":["Josue Gutierres Manija","Lucía Porras Manija","Sandra Cascante Villapizar","Lucía Matamorros Fernandez"]
		},
		{
			"nombre":"Frutería:Lab-02"
			,"ubicacion":"Plaza ferias"
			,"permiso":"LB-02-09-2020"
			,"aforo":15
			,"colaboradores":["Julián Artavia Corrales","Laura Benavides Zamora","Jose Gutierres Murillo","Juan Rosales Guzman"]
		}]
}