{
	"personas":[
			{
    			"id":"1-1448-0228"
    			,"telefono":"6702-9230"
				,"fechaNacimiento":"15-12-1987"
    			,"nombre":"Brayan Jose Ganoza Arce"
    			,"tipo":"Costarricense"
    			,"correo":"elcabromasmacabro@gmail.com"
    			,"burbujaId":"CRF-420"
    			,"genero":"masculino"
    			,"covid19":false
    		},
			{
    			"id":"2-0488-0281"
    			,"telefono":"7725-3201"
				,"fechaNacimiento":"22-10-1980"
    			,"nombre":"Victor Carvajal"
    			,"tipo":"Costarricense"
    			,"correo":"fcarvajalV@gmail.com"
    			,"burbujaId":"CRF-420"
    			,"genero":"masculino"
    			,"covid19":false
    		},
			{
    			"id":"2141-0488-0281"
    			,"telefono":"8523-9222"
				,"fechaNacimiento":"12-10-1989"
    			,"nombre":"Federico Peluche"
    			,"tipo":"Turista"
    			,"correo":"federicoP@yahoo.com.mx"
    			,"burbujaId":"CRF-420"
    			,"genero":"masculino"
    			,"covid19":false
    		},
			{
    			"id":"1978-0420-0069"
    			,"telefono":"7703-2126"
				,"fechaNacimiento":"30-11-1966"
    			,"nombre":"Leo Zumbado Abarca"
    			,"tipo":"Turista"
    			,"correo":"lzabarca@gmail.com"
    			,"burbujaId":"LPJ-529"
    			,"genero":"masculino"
    			,"covid19":false
    		},
			{
    			"id":"1688-1267-4189"
    			,"telefono":"8773-1265"
				,"fechaNacimiento":"23-01-1988"
    			,"nombre":"Camila Espinoza Rodríguez"
    			,"tipo":"Turista"
    			,"correo":"princescer@gmail.com"
    			,"burbujaId":"LPJ-529"
    			,"genero":"femenino"
    			,"covid19":false
    		},
			{
    			"id":"1813-1711-6173"
    			,"telefono":"7311-1795"
				,"fechaNacimiento":"26-12-2008"
    			,"nombre":"Camilo Zumbado Espinoza"
    			,"tipo":"Turista"
    			,"correo":"tribu@gmail.com"
    			,"burbujaId":"LPJ-529"
    			,"genero":"Turista"
    			,"covid19":false
    		},
			{
    			"id":"2-2312-5453"
    			,"telefono":"8888-8888"
				,"fechaNacimiento":"01-05-1999"
    			,"nombre":"Patricio Estrella"
    			,"tipo":"Residente"
    			,"correo":"patat@gmail.com"
    			,"burbujaId":"BTM-127"
    			,"genero":"masculino"
    			,"covid19":false
    		},
			{
    			"id":"3-5452-1213"
    			,"telefono":"7777-7777"
				,"fechaNacimiento":"01-05-1999"
    			,"nombre":"Bob esponja"
    			,"tipo":"Residente"
    			,"correo":"esponjibobu@gmail.com"
    			,"burbujaId":"BTM-127"
    			,"genero":"masculino"
    			,"covid19":false
    		},
			{
    			"id":"1-2345-6789"
    			,"telefono":"6666-6666"
				,"fechaNacimiento":"01-05-1999"
    			,"nombre":"Arenita Mejillas"
    			,"tipo":"Residente"
    			,"correo":"karateeeee@gmail.com"
    			,"burbujaId":"BTM-127"
    			,"genero":"femenino"
    			,"covid19":false
    		},
			{
    			"id":"1-2323-4545"
    			,"telefono":"5555-5555"
				,"fechaNacimiento":"01-05-1999"
    			,"nombre":"Calamardo Tentáculos"
    			,"tipo":"Residente"
    			,"correo":"calamardino@gmail.com"
    			,"burbujaId":"BTM-127"
    			,"genero":"masculino"
    			,"covid19":false
    		},
    		{
    			"id":"2-1337-4789"
    			,"telefono":"4444-4444"
				,"fechaNacimiento":"01-05-1999"
    			,"nombre":"Don Cangrejo"
    			,"tipo":"Residente"
    			,"correo":"cachincachin@gmail.com"
    			,"burbujaId":"BTM-127"
    			,"genero":"masculino"
    			,"covid19":false
    		},
			{
    			"id":"1-5678-1234"
    			,"telefono":"7834-1221"
				,"fechaNacimiento":"05-07-2002"
    			,"nombre":"Samuel De Luque"
    			,"tipo":"Turista"
    			,"correo":"vegettagaymer@gmail.com"
    			,"burbujaId":"YTG-777"
    			,"genero":"masculino"
    			,"covid19":false
    		},
			{
    			"id":"1-2373-4554"
    			,"telefono":"8756-2321"
				,"fechaNacimiento":"02-06-1985"
    			,"nombre":"Raúl Álvarez Genes"
    			,"tipo":"Tursita"
    			,"correo":"auronplay@gmail.com"
    			,"burbujaId":"YTG-777"
    			,"genero":"masculino"
    			,"covid19":false
    		},
			{
    			"id":"2-0200-6503"
    			,"telefono":"6123-6789"
				,"fechaNacimiento":"03-01-1993"
    			,"nombre":"Rubén Doblas"
    			,"tipo":"Turista"
    			,"correo":"rubiuh@gmail.com"
    			,"burbujaId":"YTG-777"
    			,"genero":"masculino"
    			,"covid19":false
    		},
			{
    			"id":"4-0444-4400"
    			,"telefono":"6023-5034"
				,"fechaNacimiento":"05-07-2001"
    			,"nombre":"Mayichi Álvarez Umaña"
    			,"tipo":"Turista"
    			,"correo":"mayiclips@gmail.com"
    			,"burbujaId":"YTG-777"
    			,"genero":"femenino"
    			,"covid19":false
    		},
			{
    			"id":"3-0333-3300"
    			,"telefono":"6969-6969"
				,"fechaNacimiento":"03-10,1977"
    			,"nombre":"Guillermo Días"
    			,"tipo":"Turista"
    			,"correo":"papawilly@gmail.com"
    			,"burbujaId":"YTG-777"
    			,"genero":"masculino"
    			,"covid19":false
    		},
			{
    			"id":"2-0202-1231"
    			,"telefono":"6112-6954"
				,"fechaNacimiento":"04-12-2004"
    			,"nombre":"Fiorella Jiménez Corrales"
    			,"tipo":"Costarricense"
    			,"correo":"fioJimen@gmail.com"
    			,"burbujaId":"FJC-127"
    			,"genero":"femenino"
    			,"covid19":false
    		},
			{
    			"id":"1-2354-6578"
    			,"telefono":"7122-1415"
				,"fechaNacimiento":"16-06-1970"
    			,"nombre":"Lucía Corrales Rojas"
    			,"tipo":"Costarricense"
    			,"correo":"lucy123@gmail.com"
    			,"burbujaId":"FJC-127"
    			,"genero":"femenino"
    			,"covid19":false
    		},
			{
    			"id":"1-7989-0123"
    			,"telefono":"7788-9955"
				,"fechaNacimiento":"15-04-2018"
    			,"nombre":"Julián Artavia Corrales"
    			,"tipo":"Costarricense"
    			,"correo":"julian32@gmail.com"
    			,"burbujaId":"FJC-127"
    			,"genero":"masculino"
    			,"covid19":false
    		},
			{
    			"id":"4-6783-2365"
    			,"telefono":"8856-3423"
				,"fechaNacimiento":"25-04-1960"
    			,"nombre":"Florinda Mesa"
    			,"tipo":"Turista"
    			,"correo":"meflori@gmail.com"
    			,"burbujaId":"VEC-144"
    			,"genero":"femenino"
    			,"covid19":false
    		},
			{
    			"id":"1-9988-7766"
    			,"telefono":"7712-1830"
				,"fechaNacimiento":"12-11-1961"
    			,"nombre":"Roberto Gómez Bolaños"
    			,"tipo":"Turista"
    			,"correo":"chespiro@gmail.com"
    			,"burbujaId":"VEC-144"
    			,"genero":"masculino"
    			,"covid19":false
    		},
			{
    			"id":"2-0488-0281"
    			,"telefono":"8705-8920"
				,"fechaNacimiento":"26-09-1973"
    			,"nombre":"Francela Ramírez Benavides"
    			,"tipo":"Costarricense"
    			,"correo":"ferabe09@yahoo.com.mx"
    			,"burbujaId":"FCR-123"
    			,"genero":"femenino"
    			,"covid19":false
    		},
			{
				"id":"1-0422-4681"
				,"telefono":"8729-5801"
				,"fechaNacimiento":"31-07-1996"
    			,"nombre":"Daniel Castro Ramírez"
    			,"tipo":"Costarricense"
    			,"correo":"danesramcas1234@gmail.com"
    			,"burbujaId":"FCR-123"
    			,"genero":"masculino"
    			,"covid19":false
    		},
			{
    			"id":"1-0422-4681"
    			,"telefono":"8729-5801"
				,"fechaNacimiento":"05-10-1967"
    			,"nombre":"Yatsen Castro Cirman"
    			,"tipo":"Costarricense"
    			,"correo":"yatcas69@hotmail.com"
    			,"burbujaId":"FCR-123"
    			,"genero":"masculino"
    			,"covid19":false
    		},
			{
    			"id":"1-1826-0112"
    			,"telefono":"7122-8510"
				,"fechaNacimiento":"23-10-2001"
    			,"nombre":"Josué David Castro Ramírez"
    			,"tipo":"Costarricense"
    			,"correo":"jcrchinillolol@gmail.com"
    			,"burbujaId":"FCR-123"
    			,"genero":"masculino"
    			,"covid19":false
    		},
    		{
    			"id": "1-1730-9827"
    			,"telefono":"8725-6019"
				,"fechaNacimiento":"27-8-2000"
    			,"nombre": "Marselo Sanchez Uribe"
    			,"tipo": "Costarricense"
    			,"correo":"Marselo123@outlook.com"
    			,"burbujaId":"PRS-209"
    			,"genero":"masculino"
    			,"covid19": false
    		},
			{
    			"id":"1-1097-6790"
    			,"telefono":"7768-9018"
				,"fechaNacimiento":"13-2-1998"
    			,"nombre":"Laura Benavides Zamora"
    			,"tipo":"Costarricense"
    			,"correo":"Lau345@gmaill.com"
    			,"burbujaId":"PRS-209"
    			,"genero":"femenino"
    			,"covid19":false
    		},
			{
    			"id":"1-1906-1767"
    			,"telefono":"7767-5743"
				,"fechaNacimiento":"7-11-1997"
    			,"nombre":"Lucía Matamorros Fernandez"
    			,"tipo":"Costarrincense"
    			,"correo":"LuMata23@gmail.com"
    			,"burbujaId":"SCC-109"
    			,"genero":"femenino"
    			,"covid19":false
    		},
			{
    			"id":"1-1876-4590"
    			,"telefono":"8456-7990"
				,"fechaNacimiento":"9-5-1999"
    			,"nombre":"Alberto Castro Carazo"
    			,"tipo":"Costarricense"
    			,"correo":"Albertcas90@gmail.com"
    			,"burbujaId":"SCC-109"
    			,"genero":"masculino"
    			,"covid19":false
    		},
			{
    			"id":"1-1134-6756"
    			,"telefono":"8760-4523"
				,"fechaNacimiento":"6-9-1990"
    			,"nombre":"Sufrostico Sanabria Montero"
    			,"tipo":"Costarricense"
    			,"correo":"SanaMonter45@gmail.com"
    			,"burbujaId":"SCC-109"
    			,"genero":"masculino"
    			,"covid19":false
    		},
			{
    			"id":"1-1867-9045"
    			,"telefono": "6080-4692"
				,"fechaNacimiento":"15-6-2001"
    			,"nombre":"Andrey Murillo Soto"
    			,"tipo":"Costarricense"
    			,"correo":"MurilAn32@hotmail.com"
    			,"burbujaId":"SCC-109"
    			,"genero":"masculino"
    			,"covid19":false
    		},
			{
    			"id":"4-8976-9008"
    			,"telefono":"7779-9080"
				,"fechaNacimiento":"19-9-1987"
    			,"nombre":"Jose Gutierres Murillo"
    			,"tipo":"Costarricense"
    			,"correo":"Josman123@gmail.com"
    			,"burbujaId":"KAC-908"
    			,"genero":"masculino"
    			,"covid19":false
    		},
			{
    			"id":"4-9089-4547"
    			,"telefono":"8889-4567"
				,"fechaNacimiento":"13-9-2002"
    			,"nombre":"Josue Gutierres Manija"
    			,"tipo":"Costarricense"
    			,"correo":"JosGu23@gmail.com"
    			,"burbujaId":"KAC-908"
    			,"genero":"masculino"
    			,"covid19":false
    		},
			{
    			"id":"4-9087-4567"
    			,"telefono":"8978-9028"
				,"fechaNacimiento":"1-8-1989"
    			,"nombre":"Lucía Porras Manija"
    			,"tipo":"Costarricense"
    			,"correo":"Luporras@hotmail.com"
    			,"burbujaId":"KAC-908"
    			,"genero":"femenino"
    			,"covid19":false
    		},
			{
    			"id":"1-1086-9068"
    			,"telefono":"7090-4646"
				,"fechaNacimiento":"6-12-2000"
    			,"nombre":"Sandra Cascante Villapizar"
    			,"tipo":"Costarricense"
    			,"correo":"Cascavill@gmail.com"
    			,"burbujaId":"LLK-834"
    			,"genero":"femenino"
    			,"covid19":false
    		},
    		{
    			"id":"1-8970-9076"
    			,"telefono":"7766-0143"
				,"fechaNacimiento":"27-3-2001"
    			,"nombre":"Santiago Castrillon Pinos"
    			,"tipo":"costarricense"
    			,"correo":"Sancas907@gmail.com"
    			,"burbujaId":"LLK-834"
    			,"genero":"masculino"
    			,"covid19":false
    		},
			{
    			"id":"1-8078-7868"
    			,"telefono":"8768-9056"
				,"fechaNacimiento":"12-09-1996"
    			,"nombre":"Juan Rosales Guzman"
    			,"tipo":"Costarricense"
    			,"correo":"Juansito4545@gmail.com"
    			,"burbujaId":"LLK-834"
    			,"genero":"masculino"
    			,"covid19":false 
    		},
			{
    			"id":"1-1867-5087"
    			,"telefono":"2027-9046"
				,"fechaNacimiento":"17-4-1998"
    			,"nombre":"Sofia Cancas Guzman"
    			,"tipo":"Costarricense"
    			,"correo":"Sofcancan123@gmail.com"
    			,"burbujaId":"JHM-732"
    			,"genero":"femenino"
    			,"covid19":false
    		},
			{
    			"id":"1-6789-356"
    			,"telefono":"8887-9062"
				,"fechaNacimiento":"22-7-2000"
    			,"nombre":"Ana Villegas Montero"
    			,"tipo":"costarricense"
    			,"correo":"Villeana@gmail.com"
    			,"burbujaId":"JHM-732"
    			,"genero":"femenino"
    			,"covid19":false
    		},
			{
    			"id":"1-7645-9038"
    			,"telefono":"8678-4509"
				,"fechaNacimiento":"29-5-1999"
    			,"nombre":"Valeria Castillo Jimenez"
    			,"tipo":"Costarricense"
    			,"correo":"ValeCas908@hotmail.com"
    			,"burbujaId":"FGG-200"
    			,"genero":"femenino"
    			,"covid19":false
    		},
			{
    			"id":"2-8790-5642"
    			,"telefono":"7790-4657"
				,"fechaNacimiento":"14-4-2001"
    			,"nombre":"Francisco Hernandez Zaragoza"
    			,"tipo":"costarricense"
    			,"correo":"Frances567@gmail.com"
    			,"burbujaId":"FGG-200"
    			,"genero":"masculino"
    			,"covid19":false
    		},
			{
    			"id":"4-5638-9023"
    			,"telefono":"8270-4539"
				,"fechaNacimiento":"17-8-2003"
    			,"nombre":"Esther Del Castillo Muñoz"
    			,"tipo":"Costarricense"
    			,"correo":"Esthercast200@gmail.com"
    			,"burbujaId":"FGG-200"
    			,"genero":"masculino"
    			,"covid19":false
    		},
			{
    			"id":"1-2367-9034"
    			,"telefono":"8756-5634"
				,"fechaNacimiento":"15-9-2000"
    			,"nombre":"Lorenzo Rodriguez Marrero"
    			,"tipo":"Costarricense"
    			,"correo":"Lorenmar481@gmail.com"
    			,"burbujaId":"GHE-101"
    			,"genero":"masculino"
    			,"covid19":false
    		},
			{
    			"id":"4-7854-9046"
    			,"telefono":"7634-1252"
				,"fechaNacimiento":"14-6-1999"
    			,"nombre":"Maria Vazquez Velez"
    			,"tipo":"Costarricense"
    			,"correo":"Mariavazz69@gmail.com"
    			,"burbujaId":"GHE-101"
    			,"genero":"femenino"
    			,"covid19":false
    		},
			{
    			"id":"4-6753-9034"
    			,"telefono":"8756-4861"
				,"fechaNacimiento":"24-7-2000"
    			,"nombre":"Paula Gonzalez Rojo"
    			,"tipo":"Costarricense"
    			,"correo":"Paureds12@gmail.com"
    			,"burbujaId":"MNA-301"
    			,"genero":"femenino"
    			,"covid19":false
    		},
			{
    			"id":"1-1342-9600"
    			,"telefono":"7777-6805"
				,"fechaNacimiento":"7-7-1997"
    			,"nombre":"Samuel Luque Batuecas"
    			,"tipo":"Costarricense"
    			,"correo":"Vegetta777@gmail.com"
    			,"burbujaId":"MNA-301"
    			,"genero":"masculino"
    			,"covid19":false
    		},
			{
    			"id":"4-2009-0089"
    			,"telefono":"7590-7290"
				,"fechaNacimiento":"18-10-1996"
    			,"nombre":"Antonio Teruel Rodriguez"
    			,"tipo":"Costarricense"
    			,"correo":"AntoniRoz123@gmail.com"
    			,"burbujaId":"ZWA-240"
    			,"genero":"masculino"
    			,"covid19":false
    		},
			{
    			"id":"4-6823-9012"
    			,"telefono":"8889-7845"
				,"fechaNacimiento":"17-11-2000"
    			,"nombre":"Francisco Segura Cortes"
    			,"tipo":"Costarricense"
    			,"correo":"Fransegura20@gmail.com"
    			,"burbujaId":"ZWA-240"
    			,"genero":"masculino"
    			,"covid19":false
    		},
			{
    			"id":"2-9034-0021"
    			,"telefono":"8888-5016"
				,"fechaNacimiento":"9-10-2001"
    			,"nombre":"Alicia Trujillo Garcia"
    			,"tipo":"Costarricense"
    			,"correo":"Alitru275@gmail.com"
    			,"burbujaId":"THG-902"
    			,"genero":"femenino"
    			,"covid19":false
    		},
			{
    			"id":"2-8945-2901"
    			,"telefono":"8639-9002"
				,"fechaNacimiento":"3-9-2000"
    			,"nombre":"Diego Perez Rubio"
    			,"tipo":"Costarricense"
    			,"correo":"Diegrubio89@gmail.com"
    			,"burbujaId":"THG-902"
    			,"genero":"masculino"
    			,"covid19":false
    		}]
}